Date,UGA,OVX,EMVIX,VIX,US Gasoline Stock KB,Iraq->US Crude Imports KB/D,Saudi->US Crude Imports KB/D
2011-03-18,48.32,41.9,30.916666666666668,24.44,219720.0,336.0,1102.0
2011-03-25,49.66,36.808,24.946,19.18,217036.0,488.0,1033.0
2011-04-01,51.200001,33.876,23.308,18.09,216679.0,173.0,826.0
2011-04-08,53.09,33.227999999999994,23.442,17.326,209679.0,535.0,1170.0
2011-04-15,53.380001,33.016,22.688,16.438,208096.0,186.0,1192.0
2011-04-22,53.720001,30.307499999999997,21.5125,15.6375,205588.0,667.0,1343.0
2011-04-29,55.740002,30.577999999999996,22.259999999999998,15.222,204542.0,615.0,1094.0
2011-05-06,50.990002,35.888,25.101999999999997,17.274,205817.0,325.0,1017.0
2011-05-13,50.490002,41.488,24.456,16.624000000000002,205936.0,226.0,1141.0
2011-05-20,48.689999,38.45,24.062,16.994,209730.0,530.0,1473.0
2011-05-27,50.23,35.664,23.424,17.046,212283.0,426.0,906.0
2011-06-03,49.73,33.4775,24.247500000000002,17.447499999999998,214492.0,455.0,779.0
2011-06-10,49.889999,33.221999999999994,25.624000000000002,18.395999999999997,215065.0,537.0,1204.0
2011-06-17,48.759998,34.982,28.046,20.754,214601.0,487.0,890.0
2011-06-24,46.0,35.096,26.863999999999997,19.552,213173.0,707.0,894.0
2011-07-01,50.029999,32.352,24.286,17.878,212539.0,582.0,1499.0
2011-07-08,52.209999,30.9125,22.77,16.075,211699.0,470.0,1295.0
2011-07-15,52.900002,33.266,25.413999999999998,19.7,212456.0,558.0,1118.0
2011-07-22,53.099998,31.439999999999998,24.094,18.866,213478.0,739.0,1323.0
2011-07-29,52.419998,32.30200000000001,27.113999999999997,22.31,215179.0,604.0,1232.0
2011-08-05,48.150002,37.778,33.052,27.098000000000003,213591.0,813.0,778.0
2011-08-12,48.240002,55.35,51.714,40.282,210081.0,787.0,980.0
2011-08-19,48.970001,48.798,41.367999999999995,36.404,211436.0,411.0,1290.0
2011-08-26,49.939999,49.5,45.896,37.992000000000004,208641.0,485.0,1375.0
2011-09-02,50.93,44.56,40.354,32.506,208840.0,406.0,1435.0
2011-09-09,49.77,46.865,44.555,35.805,210780.0,470.0,1165.0
2011-09-16,49.959999,44.15,44.568,34.61,214075.0,410.0,1621.0
2011-09-23,45.860001,49.864,50.306,37.102,214866.0,388.0,1307.0
2011-09-30,45.939999,52.85,56.876,39.922000000000004,213729.0,578.0,1108.0
2011-10-07,47.82,53.65599999999999,54.998000000000005,39.31,209595.0,534.0,1107.0
2011-10-14,51.259998,46.984,43.798,31.216,206271.0,367.0,1035.0
2011-10-21,48.869999,49.1,46.56,33.098,204918.0,551.0,971.0
2011-10-28,48.540001,45.372,41.094,28.266000000000002,206274.0,598.0,1291.0
2011-11-04,49.040001,44.35,44.226,31.625999999999998,204167.0,395.0,1081.0
2011-11-11,47.73,46.012,44.263999999999996,31.268,205159.0,292.0,831.0
2011-11-18,45.619999,43.726,45.884,32.474000000000004,209634.0,341.0,984.0
2011-11-25,45.09,50.5175,49.765,33.332499999999996,209847.0,425.0,1616.0
2011-12-02,48.119999,41.782,41.408,29.1,214994.0,511.0,1344.0
2011-12-09,47.599998,39.010000000000005,40.596,28.322000000000003,218818.0,270.0,1166.0
2011-12-16,45.619999,42.086,36.06,25.304,218406.0,71.0,1251.0
2011-12-23,48.919998,37.63,31.5,22.292,217714.0,713.0,1156.0
2011-12-30,48.32,38.269999999999996,32.87,22.869999999999997,220193.0,293.0,1272.0
2012-01-06,50.310001,38.7325,31.79,21.825,223803.0,820.0,2047.0
2012-01-13,50.080002,35.938,30.107999999999997,20.838,227520.0,312.0,1414.0
2012-01-20,50.700001,33.355000000000004,28.0075,20.310000000000002,227130.0,198.0,1394.0
2012-01-27,53.049999,32.372,27.182,18.598000000000003,230147.0,508.0,1347.0
2012-02-03,52.91,31.75,27.131999999999998,18.494,231776.0,703.0,1201.0
2012-02-10,54.119999,32.238,28.418,18.598,232176.0,570.0,1704.0
2012-02-17,55.049999,33.766,29.564,19.344,231527.0,56.0,1397.0
2012-02-24,57.169998,33.84,26.525,17.622500000000002,229927.0,169.0,1643.0
2012-03-02,56.48,33.254000000000005,26.462,17.826,229531.0,166.0,1230.0
2012-03-09,57.380001,32.83,27.502,18.61,228121.0,536.0,1694.0
2012-03-16,57.740002,29.375999999999998,25.294,15.128,226907.0,222.0,912.0
2012-03-23,57.91,27.466,24.924,15.228,223370.0,75.0,1916.0
2012-03-30,57.16,28.278000000000002,26.01,15.26,221913.0,569.0,1550.0
2012-04-06,57.330002,28.2925,25.9175,16.11,217636.0,396.0,1464.0
2012-04-13,57.700001,30.234,28.694,19.194,213965.0,356.0,1845.0
2012-04-20,54.849998,28.458,27.192,18.490000000000002,211730.0,296.0,1384.0
2012-04-27,55.119999,25.532,25.344,17.29,209721.0,708.0,1417.0
2012-05-04,52.259998,26.51,25.108,17.47,207108.0,689.0,1676.0
2012-05-11,52.75,28.96,28.369999999999997,19.357999999999997,204311.0,109.0,1656.0
2012-05-18,50.549999,32.074,34.58,23.14,201012.0,779.0,1436.0
2012-05-25,50.900002,30.194,33.616,22.024,200179.0,895.0,1379.0
2012-06-01,47.669998,35.115,34.1075,23.9725,203525.0,873.0,1437.0
2012-06-08,48.369999,37.06,33.434000000000005,23.182,201801.0,285.0,1670.0
2012-06-15,48.419998,38.660000000000004,33.652,22.541999999999998,202744.0,636.0,1520.0
2012-06-22,45.799999,35.044,27.464,18.426,204822.0,1147.0,1025.0
2012-06-29,48.450001,34.858000000000004,28.354000000000003,19.268,204973.0,325.0,1523.0
2012-07-06,50.139999,37.1225,26.4875,17.0,207725.0,294.0,1531.0
2012-07-13,51.919998,35.85,27.25,17.944,205910.0,494.0,1233.0
2012-07-20,54.470001,35.274,24.804,16.294,210044.0,457.0,1608.0
2012-07-27,53.5,35.089999999999996,27.412,18.532,207870.0,435.0,1387.0
2012-08-03,56.099998,33.686,26.330000000000002,17.826,206069.0,183.0,1262.0
2012-08-10,57.779999,31.401999999999997,23.812,15.456,203698.0,676.0,1698.0
2012-08-17,58.119999,30.677999999999997,21.759999999999998,14.184000000000001,202736.0,670.0,1007.0
2012-08-24,58.599998,31.196000000000005,22.022,15.057999999999998,201227.0,546.0,1519.0
2012-08-31,60.16,32.484,24.89,17.04,198893.0,326.0,740.0
2012-09-07,61.150002,33.5225,24.8175,16.425,197716.0,578.0,1469.0
2012-09-14,61.040001,33.089999999999996,23.27,15.41,196309.0,579.0,1458.0
2012-09-21,58.700001,34.964,21.830000000000002,14.14,195828.0,435.0,1067.0
2012-09-28,60.52,33.842,22.268,15.392000000000001,195942.0,606.0,1267.0
2012-10-05,61.43,33.339999999999996,22.178,15.268,195408.0,333.0,1433.0
2012-10-12,60.16,34.37,22.59,15.9,197128.0,278.0,1294.0
2012-10-19,55.82,32.474000000000004,20.94,15.530000000000001,198567.0,854.0,1252.0
2012-10-26,55.240002,33.1,24.124000000000002,17.942,199502.0,719.0,1221.0
2012-11-02,53.849998,31.963333333333335,23.243333333333336,17.62666666666667,202377.0,668.0,1284.0
2012-11-09,56.529999,32.63,23.84,18.436,201937.0,636.0,1367.0
2012-11-16,56.66,30.881999999999998,23.708,17.130000000000003,200390.0,371.0,1177.0
2012-11-23,57.599998,29.945,20.82,15.1925,204255.0,501.0,1287.0
2012-11-30,57.689999,28.524,21.932,15.572,212115.0,410.0,1405.0
2012-12-07,55.029999,29.18,22.084,16.54,217115.0,737.0,1483.0
2012-12-14,56.259998,29.668,21.182,16.226,219322.0,380.0,1504.0
2012-12-21,57.439999,28.327999999999996,20.310000000000002,16.956,223104.0,493.0,988.0
2012-12-28,58.349998,28.6425,21.635,20.064999999999998,225673.0,367.0,903.0
2013-01-04,58.400002,27.2775,19.509999999999998,15.2725,233085.0,389.0,1295.0
2013-01-11,57.759998,24.619999999999997,18.038,13.613999999999999,234995.0,487.0,1004.0
2013-01-18,59.240002,24.356,16.776,13.303999999999998,233257.0,481.0,948.0
2013-01-25,60.779999,22.355,16.15,12.6175,232301.0,294.0,1085.0
2013-02-01,64.059998,22.753999999999998,18.46,13.675999999999998,234039.0,562.0,709.0
2013-02-08,64.32,23.357999999999997,18.734,13.663999999999998,233236.0,447.0,1435.0
2013-02-15,65.709999,21.236,16.266,12.736,230352.0,692.0,755.0
2013-02-22,64.730003,24.78,16.835,14.095,228495.0,482.0,782.0
2013-03-01,61.959999,24.747999999999998,19.607999999999997,16.291999999999998,227879.0,295.0,1214.0
2013-03-08,63.259998,22.259999999999998,17.137999999999998,13.334,224308.0,225.0,1232.0
2013-03-15,62.220001,18.880000000000003,15.970000000000002,11.652000000000001,222832.0,438.0,1526.0
2013-03-22,60.27,19.804,18.990000000000002,13.596,221236.0,448.0,1278.0
2013-03-29,61.66,18.2575,17.225,13.09,220664.0,613.0,1224.0
2013-04-05,56.799999,20.7,18.532,13.675999999999998,222363.0,474.0,1262.0
2013-04-12,55.23,21.198,17.918,12.538,221730.0,274.0,1475.0
2013-04-19,54.779999,28.880000000000003,21.692,16.054,217802.0,395.0,946.0
2013-04-26,55.900002,23.59,18.956,13.741999999999999,215984.0,410.0,1041.0
2013-05-03,55.869999,24.637999999999998,19.042,13.632,215074.0,765.0,1331.0
2013-05-10,56.599998,23.65,18.395999999999997,12.774000000000001,217662.0,285.0,1436.0
2013-05-17,57.529999,23.894,19.054,12.73,220677.0,126.0,1679.0
2013-05-24,56.25,23.374000000000002,19.258,13.654,219163.0,515.0,1604.0
2013-05-31,54.779999,23.9025,21.7725,15.035,218797.0,290.0,1214.0
2013-06-07,57.240002,24.044,24.054,16.363999999999997,221545.0,96.0,1774.0
2013-06-14,57.630001,21.791999999999998,26.208,16.932,221728.0,168.0,1531.0
2013-06-21,54.919998,22.247999999999998,29.814,17.887999999999998,225381.0,460.0,1634.0
2013-06-28,54.259998,23.262,30.954,17.901999999999997,223662.0,406.0,877.0
2013-07-05,57.900002,24.3125,29.0375,15.975000000000001,221028.0,297.0,1333.0
2013-07-12,62.380001,25.18,26.874000000000002,14.238,224083.0,79.0,1551.0
2013-07-19,62.720001,23.73,26.04,13.66,222694.0,357.0,1128.0
2013-07-26,61.52,23.596,22.104000000000003,12.764,223464.0,289.0,1246.0
2013-08-02,61.25,22.752000000000002,22.486,13.030000000000001,223599.0,208.0,1680.0
2013-08-09,59.41,22.592000000000002,22.357999999999997,12.736,222430.0,124.0,1563.0
2013-08-16,60.82,23.32,22.362000000000002,13.452000000000002,218401.0,596.0,1658.0
2013-08-23,61.16,23.59,24.580000000000002,14.937999999999999,217814.0,368.0,1028.0
2013-08-30,61.59,27.184000000000005,27.631999999999998,16.413999999999998,215987.0,420.0,1277.0
2013-09-06,60.490002,28.42,26.7875,16.0275,217645.0,197.0,1578.0
2013-09-13,59.0,25.224,25.336000000000002,14.486,216018.0,446.0,1370.0
2013-09-20,57.040001,22.380000000000003,23.368000000000002,13.756,216235.0,496.0,1386.0
2013-09-27,56.650002,22.14,22.759999999999998,14.384,219730.0,273.0,1233.0
2013-10-04,55.759998,22.036,24.94,16.630000000000003,219879.0,323.0,1532.0
2013-10-11,56.98,22.028,26.528,18.31,217309.0,318.0,1950.0
2013-10-18,57.18,21.822,22.958,15.192000000000002,215504.0,137.0,1122.0
2013-10-25,55.200001,21.594,20.442,13.24,213791.0,202.0,1377.0
2013-11-01,54.689999,20.808,21.354,13.48,210036.0,216.0,793.0
2013-11-08,54.720001,21.078,23.564,13.136000000000001,209198.0,120.0,1890.0
2013-11-15,57.07,19.79,22.544,12.486,208853.0,225.0,1755.0
2013-11-22,58.720001,19.240000000000002,23.744,12.962,210604.0,499.0,1457.0
2013-11-29,58.099998,19.372500000000002,23.4925,13.07,212432.0,72.0,1407.0
2013-12-06,58.98,19.074,25.688,14.469999999999999,219149.0,120.0,1295.0
2013-12-13,56.720001,18.128,25.25,14.824000000000002,220486.0,143.0,1905.0
2013-12-20,59.959999,17.002,22.796,14.796000000000001,219872.0,332.0,1614.0
2013-12-27,60.389999,15.405,20.4075,12.5775,220716.0,370.0,1328.0
2014-01-03,57.130001,18.7825,22.925,13.8175,226959.0,626.0,1242.0
2014-01-10,57.52,19.904000000000003,23.28,12.874,233142.0,202.0,1521.0
2014-01-17,56.299999,18.657999999999998,21.503999999999998,12.562,235265.0,185.0,1688.0
2014-01-24,57.209999,18.67,23.2825,14.405,234446.0,382.0,1254.0
2014-01-31,56.34,20.528,29.427999999999997,17.254,234951.0,151.0,1342.0
2014-02-07,58.740002,20.49,28.65,18.604,233098.0,524.0,1253.0
2014-02-14,59.82,18.881999999999998,25.148,14.356,233407.0,134.0,1775.0
2014-02-21,60.57,18.0675,24.5525,14.709999999999999,230600.0,210.0,1785.0
2014-02-28,60.02,18.526,23.884,14.057999999999998,228996.0,216.0,1268.0
2014-03-07,59.889999,20.208,25.422,14.462,223766.0,599.0,1245.0
2014-03-14,59.66,20.886,26.586000000000002,15.501999999999999,222299.0,362.0,1916.0
2014-03-21,58.759998,19.924,24.788,14.959999999999999,217198.0,438.0,1135.0
2014-03-28,59.259998,19.262,23.595999999999997,14.613999999999999,215624.0,85.0,1475.0
2014-04-04,59.27,19.078,21.092,13.48,210436.0,401.0,1301.0
2014-04-11,60.639999,18.637999999999998,22.182,15.440000000000001,210282.0,605.0,1950.0
2014-04-18,61.700001,18.8125,22.79,14.815,210008.0,199.0,1395.0
2014-04-25,61.630001,18.558,21.418,13.418000000000001,211572.0,226.0,1531.0
2014-05-02,60.07,18.788,20.034,13.45,213180.0,293.0,1285.0
2014-05-09,59.060001,17.742,19.086000000000002,13.368,212408.0,491.0,1872.0
2014-05-16,60.669998,16.318,16.682,12.428,213378.0,93.0,1166.0
2014-05-23,61.66,16.084,16.584,12.136,211575.0,304.0,1585.0
2014-05-30,61.0,15.82,17.0625,11.54,211785.0,289.0,1312.0
2014-06-06,60.43,15.219999999999999,17.762,11.588,213482.0,296.0,1096.0
2014-06-13,62.759998,16.544,16.862000000000002,11.696000000000002,214267.0,468.0,898.0
2014-06-20,64.120003,18.218,16.594,11.358,214977.0,593.0,1209.0
2014-06-27,63.630001,17.418,15.319999999999999,11.518,213742.0,797.0,896.0
2014-07-04,62.560001,16.055,14.315000000000001,10.965,214321.0,438.0,1275.0
2014-07-11,60.240002,16.55,14.591999999999999,11.926,214492.0,512.0,1396.0
2014-07-18,59.299999,17.64,15.148,12.276,217871.0,384.0,1293.0
2014-07-25,59.360001,16.684,15.907999999999998,12.22,218236.0,626.0,896.0
2014-08-01,57.220001,17.688,18.682,14.63,213849.0,510.0,1233.0
2014-08-08,57.360001,18.912,21.04,16.157999999999998,212689.0,385.0,863.0
2014-08-15,56.25,17.746000000000002,18.096,13.366,213274.0,397.0,1247.0
2014-08-22,56.689999,18.124000000000002,15.3,11.908,212314.0,549.0,832.0
2014-08-29,57.419998,16.654,14.84,11.828,209992.0,744.0,840.0
2014-09-05,56.389999,18.575,16.3425,12.335,212373.0,331.0,1257.0
2014-09-12,54.919998,20.151999999999997,18.648000000000003,13.030000000000001,210738.0,388.0,1310.0
2014-09-19,56.220001,19.163999999999998,19.112000000000002,12.728,210324.0,193.0,987.0
2014-09-26,55.540001,20.0,19.524,14.475999999999999,208488.0,291.0,882.0
2014-10-03,53.09,22.268,22.432,15.942000000000002,209668.0,413.0,609.0
2014-10-10,50.32,26.548000000000002,22.354000000000003,17.554,205673.0,163.0,1229.0
2014-10-17,49.990002,34.032,28.192,24.174,204374.0,149.0,885.0
2014-10-24,49.439999,30.046,22.942,17.032,203138.0,276.0,678.0
2014-10-31,49.52,30.49,19.907999999999998,14.825999999999999,201760.0,100.0,697.0
2014-11-07,49.029999,31.234,20.198,14.116,203565.0,582.0,658.0
2014-11-14,47.209999,31.665999999999997,18.786,13.142,204599.0,276.0,1338.0
2014-11-21,47.580002,33.852,18.904,13.658000000000001,206424.0,563.0,817.0
2014-11-28,43.139999,36.557500000000005,18.2075,12.567499999999999,208567.0,376.0,816.0
2014-12-05,40.970001,36.362,19.684,12.762,216764.0,173.0,740.0
2014-12-12,37.040001,42.834,22.375999999999998,17.758,222014.0,74.0,1052.0
2014-12-19,36.830002,56.472,24.21,19.346,226097.0,222.0,805.0
2014-12-26,35.080002,54.5875,19.5225,14.73,229048.0,305.0,775.0
2015-01-02,33.220001,52.322500000000005,21.314999999999998,16.9925,237163.0,192.0,573.0
2015-01-09,30.4,53.67999999999999,23.18,18.982,240334.0,142.0,706.0
2015-01-16,31.360001,54.858000000000004,22.696,20.996000000000002,240922.0,121.0,1049.0
2015-01-23,30.91,56.775,19.905,17.95,238335.0,65.0,669.0
2015-01-30,32.950001,55.874,20.958,18.582,240670.0,154.0,849.0
2015-02-06,35.169998,60.84400000000001,22.490000000000002,17.845999999999997,242647.0,484.0,832.0
2015-02-13,36.560001,57.948,21.072,16.554,243132.0,186.0,907.0
2015-02-20,36.189999,55.5125,19.3225,15.21,240014.0,129.0,961.0
2015-02-27,38.830002,56.436,17.23,13.868,240060.0,204.0,745.0
2015-03-06,36.939999,50.588,17.862000000000002,14.074000000000002,239873.0,192.0,659.0
2015-03-13,34.459999,50.646,20.588,16.008000000000003,235400.0,149.0,1107.0
2015-03-20,35.09,55.01800000000001,19.588,14.466,233386.0,168.0,748.0
2015-03-27,35.240002,49.342,18.526,14.668000000000001,229128.0,23.0,1300.0
2015-04-03,34.900002,51.61,18.835,14.895,229945.0,107.0,1235.0
2015-04-10,35.720001,46.474000000000004,19.338,13.834,227873.0,219.0,1298.0
2015-04-17,38.110001,44.094,18.616,13.388,225738.0,0.0,1297.0
2015-04-24,39.43,39.339999999999996,19.002000000000002,12.806000000000001,227451.0,100.0,1255.0
2015-05-01,40.25,36.67,19.076,13.234,227852.0,193.0,970.0
2015-05-08,39.169998,36.508,19.574,14.059999999999999,226710.0,119.0,1045.0
2015-05-15,40.349998,33.102,17.728,13.318000000000001,223936.0,322.0,1292.0
2015-05-22,40.450001,32.410000000000004,16.863999999999997,12.540000000000001,220627.0,71.0,1190.0
2015-05-29,40.630001,34.4725,18.82,13.620000000000001,220293.0,233.0,1052.0
2015-06-05,39.970001,36.08,19.369999999999997,14.158000000000001,217354.0,247.0,1233.0
2015-06-12,41.720001,32.422000000000004,19.082,13.922,217814.0,77.0,1369.0
2015-06-19,40.66,31.951999999999998,19.009999999999998,14.37,218494.0,162.0,722.0
2015-06-26,40.669998,29.524,17.64,13.228,216737.0,246.0,718.0
2015-07-03,40.919998,33.495,21.365000000000002,17.490000000000002,217952.0,348.0,1004.0
2015-07-10,40.810001,41.202,25.394,17.912,218010.0,135.0,1320.0
2015-07-17,38.869999,36.448,18.936,12.912,216285.0,42.0,1440.0
2015-07-24,36.939999,37.296,18.64,12.592,215922.0,233.0,1152.0
2015-07-31,36.57,39.166,21.736,13.157999999999998,216733.0,152.0,620.0
2015-08-07,33.709999,40.784,22.812,13.046000000000001,215482.0,0.0,1037.0
2015-08-14,34.700001,41.94,24.854,13.174000000000001,212774.0,75.0,1348.0
2015-08-21,31.719999,41.672,28.282,17.846,214434.0,0.0,771.0
2015-08-28,31.84,49.314,41.282,31.846000000000004,214163.0,150.0,1082.0
2015-09-04,32.48,53.072,39.426,27.865999999999996,214547.0,253.0,1066.0
2015-09-11,31.41,49.83,35.91,24.675,217387.0,262.0,944.0
2015-09-18,31.1,48.474000000000004,32.168,22.312,218756.0,71.0,810.0
2015-09-25,31.860001,48.936,32.062,22.36,222010.0,258.0,872.0
2015-10-02,31.129999,46.354,33.674,24.490000000000002,223920.0,331.0,953.0
2015-10-09,32.650002,43.302,27.794,18.368000000000002,221302.0,57.0,945.0
2015-10-16,30.950001,42.908,25.802,16.594,219784.0,423.0,963.0
2015-10-23,29.799999,41.192,23.472,15.268,218647.0,115.0,1185.0
2015-10-30,31.42,43.525999999999996,23.924,14.946000000000002,215347.0,521.0,865.0
2015-11-06,31.700001,40.766000000000005,21.998,14.716,213245.0,401.0,1112.0
2015-11-13,28.540001,42.55800000000001,24.574,17.264,214254.0,199.0,854.0
2015-11-20,29.280001,45.256,22.862000000000002,17.262,216732.0,360.0,1246.0
2015-11-27,30.9,47.4375,22.125,15.465,216867.0,361.0,1393.0
2015-12-04,29.530001,49.094,23.93,15.925999999999998,217653.0,482.0,1406.0
2015-12-11,29.5,51.278,26.982,19.356,219384.0,477.0,1398.0
2015-12-18,29.18,49.982,26.306,20.236,220495.0,395.0,903.0
2015-12-25,29.26,47.555,23.0225,16.6525,221420.0,618.0,1047.0
2016-01-01,29.26,46.2125,23.2,17.1225,231996.0,348.0,843.0
2016-01-08,25.950001,52.815999999999995,29.060000000000002,22.526,240434.0,210.0,968.0
2016-01-15,23.690001,61.714,31.696000000000005,24.592,244997.0,430.0,1165.0
2016-01-22,24.9,64.905,34.3275,25.6675,248461.0,96.0,1406.0
2016-01-29,25.49,65.02000000000001,30.660000000000004,22.476,254399.0,434.0,944.0
2016-02-05,22.26,67.276,31.377999999999997,21.766,255657.0,61.0,696.0
2016-02-12,23.27,73.986,37.17,26.474,258693.0,136.0,774.0
2016-02-19,22.040001,67.7375,32.5075,22.1475,256457.0,142.0,1209.0
2016-02-26,23.58,63.532000000000004,29.407999999999998,20.0,254989.0,219.0,1190.0
2016-03-04,24.24,54.936,26.127999999999997,17.78,250463.0,273.0,1073.0
2016-03-11,26.290001,52.162,25.919999999999998,17.782,249716.0,456.0,1251.0
2016-03-18,26.030001,46.866,24.402,15.442000000000002,245074.0,455.0,1391.0
2016-03-25,26.5,44.6875,23.4525,14.41,242560.0,211.0,1235.0
2016-04-01,24.889999,46.532,23.454,13.934000000000001,243998.0,59.0,1140.0
2016-04-08,25.889999,48.226,23.645999999999997,15.030000000000001,239761.0,634.0,1025.0
2016-04-15,26.0,48.85,22.536,14.458000000000002,239651.0,71.0,1089.0
2016-04-22,27.209999,43.956,21.56,13.407999999999998,241259.0,393.0,756.0
2016-04-29,28.040001,43.35,22.234,14.546000000000001,241795.0,205.0,1552.0
2016-05-06,26.290001,44.596,24.732,15.392,240564.0,458.0,1265.0
2016-05-13,27.83,42.302,24.322,14.468,238068.0,792.0,1183.0
2016-05-20,28.67,42.044,24.566000000000003,15.545999999999998,240111.0,461.0,978.0
2016-05-27,28.6,37.186,22.154,14.138,238619.0,313.0,1359.0
2016-06-03,28.129999,37.3825,21.4425,13.8725,239629.0,485.0,1060.0
2016-06-10,27.139999,36.564,21.356,14.690000000000001,237004.0,435.0,935.0
2016-06-17,26.389999,42.842,27.669999999999998,20.078,237631.0,191.0,1485.0
2016-06-24,26.58,41.208,27.589999999999996,20.206,238998.0,435.0,738.0
2016-07-01,26.33,39.118,24.998,17.928,238876.0,646.0,990.0
2016-07-08,23.799999,41.54,23.555,14.625,240089.0,266.0,1109.0
2016-07-15,24.540001,40.048,20.69,13.124,241000.0,528.0,821.0
2016-07-22,23.35,37.870000000000005,20.330000000000002,12.187999999999999,241452.0,149.0,1034.0
2016-07-29,22.59,41.57,20.578,12.668000000000001,238190.0,804.0,1313.0
2016-08-05,23.610001,43.832,19.854,12.495999999999999,235383.0,250.0,1099.0
2016-08-12,23.65,39.458,18.622,11.687999999999999,232659.0,351.0,1005.0
2016-08-19,25.67,36.29600000000001,19.284,11.882,232695.0,403.0,1150.0
2016-08-26,25.51,36.842,20.726,13.075999999999999,232004.0,596.0,1681.0
2016-09-02,23.139999,38.822,20.59,12.988,227793.0,368.0,989.0
2016-09-09,24.469999,39.1025,20.705,13.4925,228360.0,795.0,1146.0
2016-09-16,26.299999,40.698,24.753999999999998,16.564,225156.0,358.0,1100.0
2016-09-23,25.709999,41.192,21.174,13.812000000000001,227183.0,352.0,1272.0
2016-09-30,27.6,43.076,22.118000000000002,13.459999999999999,227405.0,399.0,1038.0
2016-10-07,28.049999,36.974000000000004,22.772,13.302000000000001,225498.0,596.0,951.0
2016-10-14,28.389999,37.294,23.682,15.492,227967.0,487.0,703.0
2016-10-21,28.85,33.791999999999994,21.095999999999997,14.597999999999999,226011.0,505.0,983.0
2016-10-28,27.700001,35.146,21.172,14.454000000000002,223804.0,645.0,1170.0
2016-11-04,26.530001,41.416,26.945999999999998,19.906,220963.0,427.0,1295.0
2016-11-11,24.709999,43.352,26.306,16.148,221709.0,638.0,1047.0
2016-11-18,25.49,48.724000000000004,24.296,13.553999999999998,224026.0,398.0,954.0
2016-11-25,26.379999,48.35,20.945,12.4,226123.0,400.0,686.0
2016-12-02,29.51,45.572,22.284,13.514,229548.0,260.0,945.0
2016-12-09,28.719999,36.08,20.164,12.108,230045.0,432.0,1118.0
2016-12-16,29.620001,31.676,20.192,12.708,228736.0,553.0,945.0
2016-12-23,30.610001,29.048000000000002,19.566,11.459999999999999,227143.0,851.0,993.0
2016-12-30,31.32,30.1875,21.0225,13.087499999999999,235450.0,436.0,858.0
2017-01-06,30.51,31.8175,20.134999999999998,11.9225,240473.0,955.0,1107.0
2017-01-13,30.280001,32.678,18.898000000000003,11.416,246424.0,651.0,1363.0
2017-01-20,29.43,30.64,18.2875,12.1675,253220.0,617.0,1178.0
2017-01-27,28.549999,30.032,17.262,10.972,257086.0,477.0,1307.0
2017-02-03,28.77,30.083999999999996,17.776,11.716,256217.0,771.0,1430.0
2017-02-10,29.34,28.55,16.862000000000002,11.168,259063.0,440.0,1457.0
2017-02-17,28.15,26.977999999999998,15.844,11.406,256435.0,181.0,1064.0
2017-02-24,28.0,26.0975,16.775,11.6225,255889.0,556.0,1357.0
2017-03-03,26.700001,25.334,18.259999999999998,12.064,249334.0,930.0,1502.0
2017-03-10,25.799999,30.118000000000002,17.458000000000002,11.702,246279.0,403.0,1076.0
2017-03-17,25.83,30.348000000000003,14.958000000000002,11.554,243468.0,551.0,1283.0
2017-03-24,25.9,29.901999999999997,17.456,12.540000000000001,239721.0,625.0,1164.0
2017-03-31,27.280001,28.93,16.7,11.872,239103.0,398.0,888.0
2017-04-07,27.85,27.368000000000002,16.848000000000003,12.464,236130.0,587.0,883.0
2017-04-14,27.709999,26.73,19.3025,15.2125,237672.0,773.0,1185.0
2017-04-21,26.209999,28.101999999999997,20.398,14.558000000000002,241041.0,942.0,1191.0
2017-04-28,24.610001,29.404000000000003,15.008,10.725999999999999,241232.0,931.0,1095.0
2017-05-05,24.09,32.589999999999996,15.975999999999999,10.482,241082.0,593.0,970.0
2017-05-12,25.17,33.904,16.130000000000003,10.187999999999999,240669.0,769.0,1376.0
2017-05-19,26.26,32.6,18.310000000000002,12.672,239882.0,313.0,1371.0
2017-05-26,25.959999,31.274,16.240000000000002,10.294,237024.0,293.0,1362.0
2017-06-02,25.200001,31.5625,16.4625,10.1075,240348.0,1141.0,615.0
2017-06-09,24.040001,33.298,16.02,10.354,242444.0,680.0,1032.0
2017-06-16,23.200001,31.628000000000004,16.084,10.760000000000002,241866.0,272.0,872.0
2017-06-23,22.799999,32.144,13.931999999999999,10.495999999999999,240972.0,845.0,903.0
2017-06-30,24.25,30.802,15.74,10.722,237303.0,570.0,960.0
2017-07-07,24.02,32.215,16.8625,11.504999999999999,235656.0,428.0,851.0
2017-07-14,24.99,32.272,15.351999999999999,10.342,231211.0,493.0,524.0
2017-07-21,25.01,29.724,14.248,9.687999999999999,230196.0,823.0,932.0
2017-07-28,26.870001,29.506,14.596,9.772,227679.0,1096.0,1174.0
2017-08-04,26.82,29.998,14.684000000000001,10.219999999999999,231103.0,524.0,554.0
2017-08-11,26.35,28.982,18.166,12.709999999999999,231125.0,716.0,813.0
2017-08-18,26.620001,28.898000000000003,18.346,13.184000000000001,229902.0,685.0,944.0
2017-08-25,26.83,28.357999999999997,17.016,12.059999999999999,229937.0,458.0,785.0
2017-09-01,30.27,29.746,16.657999999999998,10.992,226738.0,240.0,719.0
2017-09-08,28.620001,29.7175,17.445,11.8825,218310.0,424.0,663.0
2017-09-15,28.799999,26.936,14.768,10.484,216185.0,400.0,758.0
2017-09-22,28.950001,26.594,15.196000000000002,9.873999999999999,217292.0,133.0,637.0
2017-09-29,28.15,27.206,17.003999999999998,9.862,218936.0,617.0,612.0
2017-10-06,27.719999,27.35,15.828,9.486,221426.0,635.0,576.0
2017-10-13,28.84,26.374000000000002,15.556000000000001,9.956,222334.0,423.0,465.0
2017-10-20,29.65,25.881999999999998,15.224,10.062000000000001,216869.0,1072.0,569.0
2017-10-27,30.93,25.304,16.98,10.912,212849.0,921.0,415.0
2017-11-03,32.240002,25.351999999999997,16.776,9.99,209537.0,635.0,816.0
2017-11-10,32.939999,28.272000000000002,16.68,10.172,210431.0,649.0,718.0
2017-11-17,31.42,29.104000000000003,17.322,11.882,210475.0,321.0,715.0
2017-11-24,32.169998,26.8825,16.59,9.9825,214102.0,456.0,758.0
2017-12-01,31.299999,26.838,18.64,10.661999999999999,220882.0,561.0,707.0
2017-12-08,30.950001,23.384,18.258000000000003,10.754,226546.0,402.0,578.0
2017-12-15,29.870001,22.708,15.330000000000002,9.870000000000001,227783.0,706.0,512.0
2017-12-22,31.309999,18.778,13.974,9.76,228374.0,682.0,1002.0
2017-12-29,31.85,20.915,15.285,10.485,233187.0,746.0,766.0
2018-01-05,31.93,22.475,16.1,9.34,237322.0,634.0,613.0
2018-01-12,32.919998,23.084,15.974,9.892,240942.0,864.0,614.0
2018-01-19,33.110001,24.1925,16.6975,11.765,244040.0,586.0,682.0
2018-01-26,34.139999,22.588,17.986,11.251999999999999,242060.0,786.0,843.0
2018-02-02,33.27,22.78,21.166,14.589999999999998,245474.0,655.0,795.0
2018-02-09,30.26,27.727999999999998,29.74,31.51,249073.0,560.0,700.0
2018-02-16,30.969999,28.416000000000004,24.732,21.686,249334.0,743.0,517.0
2018-02-23,31.92,25.965,22.94,18.9575,251817.0,299.0,537.0
2018-03-02,30.58,25.939999999999998,24.458000000000002,19.259999999999998,251029.0,782.0,779.0
2018-03-09,30.43,26.236,22.906,17.206,244758.0,476.0,672.0
2018-03-16,31.200001,24.866,20.574,16.35,243065.0,516.0,643.0
2018-03-23,32.57,26.112000000000002,24.704,20.657999999999998,239593.0,749.0,894.0
2018-03-30,32.299999,26.7075,27.875,21.5925,238477.0,832.0,611.0
2018-04-06,31.09,25.992,27.01,21.042,238935.0,795.0,642.0
2018-04-13,32.93,28.072000000000003,23.458,19.676,235967.0,769.0,917.0
2018-04-20,33.360001,28.898000000000003,19.306,16.05,236807.0,891.0,841.0
2018-04-27,33.82,27.746,19.46,16.77,237978.0,847.0,975.0
2018-05-04,33.700001,27.306,19.274,15.612,235804.0,640.0,703.0
2018-05-11,34.779999,26.936,18.552,13.752,232014.0,407.0,1004.0
2018-05-18,35.599998,25.722,18.686,13.565999999999999,233897.0,728.0,818.0
2018-05-25,34.599998,26.169999999999998,18.442,12.925999999999998,234431.0,708.0,569.0
2018-06-01,34.139999,28.299999999999997,19.91,15.2125,239034.0,487.0,1123.0
2018-06-08,33.799999,28.714,17.796,12.218,236763.0,790.0,1055.0
2018-06-15,32.369999,26.97,17.424,12.346,240040.0,393.0,791.0
2018-06-22,33.029999,27.389999999999997,18.912,13.372,241196.0,352.0,645.0
2018-06-29,34.509998,26.798000000000002,21.374000000000002,16.82,239691.0,243.0,737.0
2018-07-06,33.91,28.5325,21.555,15.02,238997.0,318.0,1110.0
2018-07-13,33.759998,27.786,18.282,12.744,235832.0,608.0,1027.0
2018-07-20,33.209999,27.419999999999998,17.368000000000002,12.544,233504.0,548.0,853.0
2018-07-27,34.540001,25.398,17.772,12.498,230968.0,456.0,684.0
2018-08-03,33.810001,26.028,18.156,12.813999999999998,233868.0,454.0,922.0
2018-08-10,33.310001,25.580000000000002,17.913999999999998,11.495999999999999,233128.0,458.0,1237.0
2018-08-17,32.299999,26.157999999999998,20.798,13.764,234328.0,446.0,908.0
2018-08-24,33.950001,24.544,19.188,12.4,232774.0,491.0,854.0
2018-08-31,34.259998,24.482,19.538,12.66,234619.0,154.0,1036.0
2018-09-07,33.970001,26.3875,22.3975,14.15,235869.0,490.0,994.0
2018-09-14,33.900002,26.662,21.172,12.992,234150.0,640.0,1169.0
2018-09-21,34.57,26.372000000000003,19.851999999999997,12.34,235680.0,347.0,826.0
2018-09-28,36.139999,26.701999999999998,19.91,12.408,235221.0,385.0,997.0
2018-10-05,36.080002,28.282,21.616,12.940000000000001,236172.0,241.0,881.0
2018-10-12,33.75,28.518,25.436,20.178,234156.0,211.0,995.0
2018-10-19,33.16,28.252,25.548000000000002,19.253999999999998,229330.0,388.0,1102.0
2018-10-26,31.49,28.906,28.938,22.792,226169.0,565.0,1029.0
2018-11-02,29.469999,30.646000000000004,28.598000000000003,21.625999999999998,228021.0,468.0,1073.0
2018-11-09,28.08,33.44199999999999,25.998,18.062,226610.0,121.0,1450.0
2018-11-16,27.4,45.47,28.252,19.968,225315.0,556.0,820.0
2018-11-23,24.450001,54.2425,28.1575,21.225,224551.0,641.0,944.0
2018-11-30,24.469999,55.3,26.49,18.654,226250.0,285.0,730.0
2018-12-07,25.809999,47.26666666666667,26.393333333333334,20.4,228337.0,334.0,802.0
2018-12-14,25.139999,41.61,25.294,21.628,230103.0,197.0,890.0
2018-12-21,22.690001,51.089999999999996,26.168,26.833999999999996,233106.0,207.0,970.0
2018-12-28,22.59,55.2675,26.635,31.195,239996.0,205.0,672.0
2019-01-04,23.700001,52.92,24.9075,23.8675,248062.0,380.0,1007.0
2019-01-11,24.59,44.968,21.802,19.907999999999998,255565.0,343.0,684.0
2019-01-18,25.299999,38.398,19.65,18.514,259615.0,618.0,970.0
2019-01-25,24.33,36.9775,20.4175,19.1575,257380.0,299.0,442.0
2019-02-01,24.799999,35.739999999999995,20.372,17.674,257893.0,343.0,610.0
2019-02-08,25.0,33.638,18.962,15.754000000000001,258301.0,406.0,415.0
2019-02-15,27.07,31.97,17.996000000000002,15.636000000000001,256847.0,845.0,594.0
2019-02-22,27.33,30.33666666666667,17.243333333333336,14.217500000000001,254941.0,310.0,346.0
2019-03-01,26.860001,31.169999999999998,18.018,14.597999999999999,250714.0,217.0,697.0
2019-03-08,28.030001,30.060000000000002,18.64,15.55,246090.0,234.0,947.0
2019-03-15,28.700001,27.871999999999996,17.104000000000003,13.578,241503.0,405.0,407.0
2019-03-22,29.450001,27.410000000000004,16.954,14.136000000000001,238620.0,381.0,490.0
2019-03-29,29.379999,28.124000000000002,18.746,14.86,236839.0,128.0,764.0
2019-04-05,30.860001,25.46,17.264,13.38,229129.0,156.0,484.0
2019-04-12,31.75,25.014,16.498,13.157999999999998,227955.0,5.0,423.0
2019-04-19,32.240002,25.18,15.54,12.2975,225826.0,305.0,807.0
2019-04-26,32.259998,26.944,16.148,12.764,226743.0,551.0,514.0
2019-05-03,32.099998,29.625999999999998,16.1,13.663999999999998,226147.0,170.0,311.0
2019-05-10,31.549999,32.498,22.274,17.86,225024.0,521.0,534.0
2019-05-17,32.34,30.970000000000006,23.348000000000003,17.259999999999998,228740.0,211.0,571.0
2019-05-24,30.950001,29.945999999999998,20.71,15.756,230944.0,309.0,344.0
2019-05-31,28.360001,39.33,21.0975,17.8525,234149.0,575.0,408.0
2019-06-07,27.950001,42.968,20.622,16.830000000000002,234913.0,441.0,425.0
2019-06-14,27.860001,41.064,19.628,15.788,233221.0,345.0,437.0
2019-06-21,29.76,42.832,18.474,14.996,232225.0,247.0,565.0
2019-06-28,30.85,39.402,19.14,15.73,230642.0,365.0,681.0
2019-07-05,31.530001,36.803333333333335,16.796666666666667,13.21,229187.0,362.0,501.0
2019-07-12,32.330002,31.062,16.766,13.280000000000001,232752.0,342.0,435.0
2019-07-19,30.4,33.148,15.712,13.498,232526.0,357.0,466.0
2019-07-26,30.66,32.596000000000004,16.466,12.622,230735.0,424.0,419.0
2019-08-02,29.75,32.892,18.444,15.674000000000001,235172.0,199.0,277.0
2019-08-09,27.959999,36.538,23.316,19.826,233760.0,218.0,556.0
2019-08-16,27.540001,34.934000000000005,24.330000000000002,20.072,234072.0,507.0,371.0
2019-08-23,27.889999,33.062,20.454,17.346,231982.0,205.0,531.0
2019-08-30,27.950001,33.17,21.195999999999998,19.168,229586.0,209.0,349.0
2019-09-06,28.82,34.25,18.9375,17.064999999999998,228904.0,547.0,271.0
2019-09-13,28.51,34.565999999999995,17.076,14.607999999999999,229685.0,358.0,451.0
2019-09-20,30.67,42.81,16.984,14.486,230204.0,190.0,631.0
2019-09-27,29.790001,38.518,18.48,16.242,229976.0,286.0,470.0
2019-10-04,29.18,39.392,20.034,18.304,228763.0,519.0,350.0
2019-10-11,30.459999,39.216,19.608,17.986,226201.0,181.0,390.0
2019-10-18,30.0,38.658,16.21,13.966,223094.0,281.0,452.0
2019-10-25,31.139999,35.686,15.928,13.766,220057.0,123.0,605.0
2019-11-01,31.540001,35.182,16.716,12.831999999999999,217229.0,283.0,177.0
2019-11-08,31.17,33.104,17.702,12.67,219090.0,259.0,346.0
2019-11-15,31.16,33.894,18.742,12.693999999999999,220846.0,303.0,435.0
2019-11-22,31.969999,32.55800000000001,17.284,12.714,225978.0,210.0,322.0
2019-11-29,30.65,32.675,16.8175,11.945,229363.0,313.0,460.0
2019-12-06,31.42,32.532,17.7,14.762,234768.0,353.0,480.0
2019-12-13,31.709999,27.994,17.006,14.62,237297.0,406.0,223.0
2019-12-20,32.540001,25.99,15.276,12.404,239260.0,360.0,493.0
2019-12-27,33.279999,24.9525,15.7475,12.84,242472.0,117.0,567.0
2020-01-03,33.439999,28.7075,17.45,13.7725,251609.0,468.0,416.0
2020-01-10,31.73,32.064,16.06,13.238,258287.0,537.0,203.0
2020-01-17,31.43,31.927999999999997,14.63,12.309999999999999,260032.0,227.0,360.0
2020-01-24,29.030001,31.215,17.0975,13.325,261235.0,143.0,555.0
2020-01-31,28.440001,37.542,21.074,17.046,261144.0,400.0,353.0
2020-02-07,28.969999,38.616,19.796,15.919999999999998,261049.0,229.0,494.0
2020-02-14,30.120001,36.775999999999996,17.778,14.357999999999999,259078.0,179.0,513.0
2020-02-21,30.57,33.692499999999995,18.3125,15.4625,256387.0,336.0,390.0
2020-02-28,25.82,45.22,30.948,31.941999999999997,252048.0,375.0,380.0
2020-03-06,24.379999,53.464,31.062,36.757999999999996,246999.0,352.0,443.0
2020-03-13,16.110001,111.20599999999999,53.739999999999995,57.791999999999994,240819.0,169.0,425.0
2020-03-20,11.12,156.55,82.442,74.61800000000001,239282.0,395.0,604.0
2020-03-27,10.56,165.302,59.548,62.75,246806.0,267.0,368.0
2020-04-03,11.97,161.616,52.720000000000006,53.077999999999996,257303.0,235.0,369.0
2020-04-10,11.81,138.665,44.8175,44.24,262217.0,36.0,410.0
2020-04-17,12.45,112.26199999999999,38.916000000000004,39.606,263234.0,188.0,268.0
2020-04-24,11.35,234.522,42.798,41.706,259565.0,0.0,365.0
2020-05-01,12.32,158.998,35.696000000000005,33.886,256407.0,251.0,579.0
2020-05-08,15.3,103.88,36.394,32.624,252894.0,258.0,548.0
2020-05-15,15.6,87.17,34.292,32.077999999999996,255724.0,133.0,644.0
2020-05-22,16.620001,79.404,30.441999999999997,29.101999999999997,255000.0,422.0,1590.0
2020-05-29,16.889999,72.8925,30.78,27.9325,257795.0,52.0,1587.0
2020-06-05,19.17,64.83,27.924,26.212,258661.0,403.0,1515.0
2020-06-12,17.790001,67.648,31.718,31.565999999999995,256995.0,55.0,1405.0
2020-06-19,19.85,63.254,34.826,33.92,255322.0,66.0,1381.0
2020-06-26,17.889999,61.38599999999999,31.130000000000003,32.786,256521.0,117.0,826.0
2020-07-03,19.559999,55.605,27.63,29.6275,251682.0,174.0,1421.0
2020-07-10,20.110001,50.89,28.226,28.4,248535.0,191.0,872.0
2020-07-17,19.18,47.967999999999996,27.48,28.630000000000003,246733.0,311.0,461.0
2020-07-24,19.99,42.234,23.332,25.107999999999997,247387.0,0.0,303.0
2020-07-31,18.719999,41.706,23.928,24.7,247806.0,49.0,190.0
2020-08-07,19.33,38.79600000000001,22.863999999999997,23.178,247084.0,355.0,291.0
2020-08-14,19.889999,35.589999999999996,23.294,22.524,243762.0,0.0,433.0
2020-08-21,20.129999,32.698,21.72,22.131999999999998,239179.0,197.0,319.0
2020-08-28,20.85,32.974000000000004,22.838,23.02,234859.0,215.0,197.0
2020-09-04,19.51,37.024,28.292,28.689999999999998,231905.0,231.0,100.0
2020-09-11,18.389999,51.9025,26.1025,29.2125,231524.0,157.0,331.0
2020-09-18,20.42,42.706,22.682,25.954,227499.0,0.0,304.0
2020-09-25,20.16,42.62,26.194,27.622000000000003,228182.0,43.0,339.0
2020-10-02,18.99,47.126,26.938,26.631999999999998,226747.0,49.0,426.0
2020-10-09,20.360001,45.013999999999996,26.302,27.372000000000003,225121.0,114.0,444.0
2020-10-16,19.74,44.3675,22.950000000000003,26.383999999999997,227016.0,191.0,262.0
2020-10-23,19.32,45.542,25.962,28.568,226124.0,97.0,223.0
2020-10-30,17.66,59.02,30.860000000000003,36.34,227665.0,132.0,206.0
2020-11-06,18.719999,58.866,28.832,30.938,225356.0,186.0,357.0
2020-11-13,19.34,50.044,23.682,24.490000000000002,227967.0,92.0,357.0
2020-11-20,20.15,45.662,22.244,23.162,230147.0,197.0,293.0
2020-11-27,21.59,43.85,22.130000000000003,21.5975,233638.0,0.0,73.0
2020-12-04,21.68,44.03,25.274,20.916,237859.0,109.0,281.0
2020-12-11,22.42,38.822,23.282,22.016,238879.0,0.0,73.0
2020-12-18,23.9,38.398,23.046,22.722,237754.0,105.0,198.0
2020-12-25,23.620001,40.730000000000004,24.79,23.5575,236562.0,123.0,118.0
2021-01-01,24.309999,38.5375,24.55,22.575,241081.0,0.0,0.0
2021-01-08,26.59,38.906,25.689999999999998,24.262,245476.0,91.0,328.0
2021-01-15,26.200001,36.858000000000004,25.491999999999997,23.442,245217.0,97.0,135.0
2021-01-22,26.57,35.585,25.802500000000002,22.0125,247686.0,115.0,206.0
2021-01-29,26.799999,39.202000000000005,28.592000000000002,29.344,252153.0,90.0,180.0
2021-02-05,28.440001,37.04,23.86,24.27,256412.0,114.0,282.0
2021-02-12,29.17,34.074,21.84,21.216,257084.0,227.0,237.0
2021-02-19,30.07,36.9225,23.61,21.875,257096.0,0.0,143.0
2021-02-26,31.299999,40.194,27.95,24.948,243472.0,68.0,368.0
2021-03-05,33.299999,39.446000000000005,27.862000000000002,25.470000000000002,231603.0,141.0,251.0
2021-03-12,34.52,37.958,26.904000000000003,22.932,232075.0,165.0,308.0
2021-03-19,31.17,41.739999999999995,25.106,20.316,232279.0,105.0,280.0
2021-03-26,31.6,49.724000000000004,24.881999999999998,19.81,230544.0,88.0,345.0
2021-04-02,32.200001,42.314,23.33,19.27,234588.0,245.0,258.0
2021-04-09,31.530001,41.114,20.592000000000002,17.366,234897.0,223.0,181.0
2021-04-16,32.720001,34.986000000000004,19.458000000000002,16.674,234982.0,34.0,358.0
2021-04-23,32.099998,38.256,26.718,17.901999999999997,235074.0,270.0,480.0
2021-04-30,33.119999,38.17,20.0,17.740000000000002,235811.0,41.0,178.0
2021-05-07,34.099998,38.2,21.726,18.404,236189.0,235.0,224.0
2021-05-14,33.98,37.452,24.196,22.206,234226.0,199.0,424.0
2021-05-21,33.349998,38.204,23.154,20.812,232481.0,184.0,277.0
2021-05-28,34.34,34.565999999999995,19.586000000000002,17.619999999999997,233980.0,163.0,188.0
2021-06-04,35.349998,32.9625,19.6825,17.46,241026.0,173.0,144.0
2021-06-11,35.0,32.20399999999999,19.106,16.626,242980.0,305.0,381.0
2021-06-18,34.709999,33.862,19.178,18.002,240050.0,151.0,555.0
2021-06-25,36.119999,33.464,22.764,16.492,241572.0,142.0,565.0
2021-07-02,36.869999,32.386,18.424,15.632,235497.0,229.0,316.0
2021-07-09,36.59,38.855000000000004,20.9675,16.955,236535.0,182.0,347.0
2021-07-16,35.849998,37.504,18.919999999999998,17.016,236414.0,480.0,359.0
2021-07-23,36.439999,42.403999999999996,21.208,19.006,234161.0,145.0,363.0
2021-07-30,37.470001,34.312,25.93,18.238,228870.0,82.0,351.0
2021-08-06,36.279999,38.89,23.122,17.78,227469.0,120.0,302.0
2021-08-13,36.23,38.658,21.334,16.122,228165.0,150.0,363.0
2021-08-20,32.189999,40.17,22.22,19.166,225924.0,77.0,286.0
2021-08-27,36.380001,36.464,21.506,17.278,227214.0,174.0,345.0
2021-09-03,36.860001,34.788,19.682,16.32,219999.0,106.0,296.0
2021-09-10,36.75,33.0575,21.0325,18.9625,218142.0,50.0,369.0
2021-09-17,37.150002,32.846000000000004,21.896,19.302,221616.0,42.0,399.0
2021-09-24,37.360001,33.684,26.2,21.464,221809.0,0.0,561.0
2021-10-01,39.389999,36.480000000000004,26.834000000000003,21.772,225065.0,31.0,622.0
2021-10-08,41.470001,39.928000000000004,25.454,20.714,223107.0,188.0,304.0
2021-10-15,43.419998,36.538,19.984,18.330000000000002,217739.0,239.0,319.0
2021-10-22,43.549999,35.748000000000005,18.848,15.588,215746.0,155.0,336.0
2021-10-29,42.470001,36.87,20.044,16.198,214258.0,187.0,397.0
2021-11-05,41.599998,37.628,21.042,15.892000000000001,212703.0,51.0,598.0
2021-11-12,41.5,36.686,21.314,17.536,211996.0,42.0,453.0
2021-11-19,39.470001,35.934000000000005,21.046,17.094,211393.0,245.0,424.0
2021-11-26,36.810001,43.055,24.0825,21.4375,215422.0,221.0,475.0
2021-12-03,35.849998,67.71400000000001,29.02,27.978,219304.0,248.0,393.0
2021-12-10,39.419998,48.648,23.875999999999998,21.848,218585.0,29.0,463.0
2021-12-17,39.32,51.089999999999996,22.378,20.726,224118.0,359.0,384.0
2021-12-24,40.810001,49.194,21.4775,20.1175,222659.0,268.0,609.0
2021-12-31,40.959999,41.574,19.506,17.344,232787.0,226.0,418.0
2022-01-07,42.490002,39.08,20.238,18.322,240748.0,317.0,294.0
2022-01-14,44.82,36.928,21.358,18.986,246621.0,434.0,381.0
2022-01-21,44.889999,42.1875,25.5625,25.27,247918.0,133.0,596.0
2022-01-28,46.82,47.156,28.172000000000004,30.233999999999998,250037.0,412.0,613.0
2022-02-04,49.099998,42.31,23.174,23.29,248393.0,226.0,383.0
2022-02-11,50.380001,43.05,22.264,23.106,247061.0,225.0,250.0
2022-02-18,49.549999,50.344,25.174,26.836000000000002,246479.0,285.0,358.0
2022-02-25,50.689999,49.79,30.8325,29.435,246011.0,295.0,520.0
2022-03-04,61.970001,63.424,35.642,31.333999999999996,244606.0,188.0,701.0
2022-03-11,57.84,72.666,38.342,33.002,240991.0,161.0,562.0
2022-03-18,56.790001,65.05199999999999,35.842,27.562,238043.0,489.0,534.0
2022-03-25,60.450001,70.196,27.726,22.504,238828.0,82.0,333.0
2022-04-01,55.93,60.512,27.912,19.61,236787.0,71.0,573.0
2022-04-08,55.27,53.726,23.869999999999997,20.881999999999998,233139.0,155.0,328.0
2022-04-15,59.650002,53.660000000000004,24.747500000000002,23.2875,232378.0,266.0,255.0
2022-04-22,58.279999,50.903999999999996,25.572,22.95,230805.0,242.0,438.0
2022-04-29,61.310001,52.970000000000006,30.060000000000002,31.106,228575.0,181.0,554.0
2022-05-06,67.75,54.176,29.094,29.68,224968.0,326.0,306.0
2022-05-13,70.360001,54.263999999999996,31.756,32.188,220189.0,242.0,420.0
2022-05-20,68.910004,51.2,27.492,28.662,219707.0,282.0,588.0
2022-05-27,72.879997,47.275999999999996,26.589999999999996,27.904000000000003,218996.0,326.0,345.0
2022-06-03,80.059998,48.2475,24.2275,25.586000000000002,218184.0,196.0,349.0
2022-06-10,77.480003,44.988,24.662,25.378,217474.0,555.0,681.0
2022-06-17,70.650002,47.338,28.78,32.082,218963.0,100.0,760.0
2022-06-24,72.370003,47.78,27.13,29.29,221608.0,76.0,701.0
2022-07-01,70.260002,48.089999999999996,25.416,27.776,219112.0,362.0,398.0
2022-07-08,65.949997,53.0625,26.060000000000002,26.504,224937.0,302.0,634.0
2022-07-15,61.380001,52.812,27.188,26.182,228435.0,454.0,242.0
2022-07-22,60.77,48.982,24.875999999999998,23.964,225131.0,165.0,516.0
2022-07-29,62.240002,47.624,23.04,22.99,225294.0,369.0,500.0
2022-08-05,57.290001,51.352,23.404000000000003,22.262,220316.0,181.0,412.0
2022-08-12,61.369999,45.712,20.834,20.506,215674.0,163.0,244.0
2022-08-19,60.610001,49.236000000000004,19.628,19.94,215647.0,225.0,247.0
2022-08-26,58.139999,48.436,20.646,23.613999999999997,214475.0,401.0,330.0
2022-09-02,53.380001,51.476,23.258000000000003,25.863999999999997,214808.0,222.0,423.0
2022-09-09,52.91,50.8625,24.115,24.788,213040.0,343.0,425.0
2022-09-16,52.880001,45.730000000000004,23.27,25.974,214610.0,120.0,489.0
2022-09-23,51.540001,48.31,24.589999999999996,27.636000000000003,212188.0,202.0,422.0
2022-09-30,52.75,55.538,28.988,31.7,207460.0,275.0,398.0
2022-10-07,60.849998,55.396,28.625999999999998,29.919999999999998,209482.0,109.0,370.0
2022-10-14,58.48,51.136,31.942,32.722,209368.0,130.0,230.0
2022-10-21,58.330002,48.468,31.788,30.46,207890.0,220.0,325.0
2022-10-28,60.57,48.098,30.415999999999997,27.746000000000002,206633.0,134.0,533.0
2022-11-04,64.879997,47.233999999999995,29.426,25.48,205733.0,503.0,519.0
2022-11-11,62.07,44.214,28.962,24.406,207940.0,141.0,211.0
2022-11-18,56.939999,45.506,27.826,23.886000000000003,210998.0,385.0,685.0
2022-11-25,55.66,48.7825,25.595,20.984,213768.0,363.0,338.0
2022-12-02,55.540001,47.19199999999999,24.872,20.716,219087.0,252.0,274.0
2022-12-09,49.970001,46.756,25.815999999999995,22.144,223583.0,282.0,317.0
2022-12-16,51.700001,43.234,21.686,22.828,226113.0,227.0,513.0
2022-12-23,57.349998,41.69,21.582,21.362000000000002,223008.0,289.0,473.0
2022-12-30,59.939999,42.8275,23.965,21.725,222662.0,354.0,479.0
2023-01-06,54.400002,44.21,23.88,22.125,226776.0,150.0,464.0
2023-01-13,61.23,40.602,21.442,20.163999999999998,230259.0,201.0,453.0
2023-01-20,63.75,39.045,19.877499999999998,19.912,232022.0,195.0,433.0
2023-01-27,62.169998,38.164,19.8,19.066,234598.0,469.0,640.0
2023-02-03,55.900002,38.938,20.704,18.854,239606.0,230.0,384.0
2023-02-10,60.330002,36.978,21.104000000000003,19.792,241922.0,322.0,262.0
2023-02-17,58.240002,36.242000000000004,20.09,19.534,240066.0,251.0,545.0
2023-02-24,57.560001,37.3375,21.285,21.84,239192.0,290.0,310.0
2023-03-03,61.380001,36.082,20.003999999999998,20.062,238058.0,265.0,476.0
2023-03-10,58.869999,34.36,21.47,20.944,235997.0,346.0,385.0
2023-03-17,55.5,47.089999999999996,21.381999999999998,24.978,229598.0,144.0,483.0
2023-03-24,57.740002,48.298,20.964,22.428,226694.0,138.0,228.0
2023-03-31,60.790001,43.082,19.96,19.482,222575.0,345.0,514.0
2023-04-07,63.529999,38.2025,18.56,18.7575,222245.0,241.0,376.0
2023-04-14,64.330002,33.513999999999996,17.851999999999997,18.406,223544.0,180.0,339.0
2023-04-21,59.450001,34.528,16.814,16.836000000000002,221136.0,222.0,393.0
2023-04-28,58.360001,36.712,18.009999999999998,17.46,222878.0,148.0,242.0
2023-05-05,55.07,39.95,18.72,17.896,219711.0,247.0,381.0
2023-05-12,56.23,35.572,17.862000000000002,17.118000000000002,218330.0,174.0,415.0
2023-05-19,59.27,35.89,17.778,16.968,216277.0,136.0,212.0
2023-05-26,61.349998,35.836,18.676,18.572,216070.0,114.0,534.0
2023-06-02,59.349998,40.115,18.1925,16.622,218815.0,430.0,66.0
2023-06-09,61.66,35.306,16.101999999999997,14.022,220923.0,252.0,677.0
2023-06-16,63.459999,33.69,14.998000000000001,14.307999999999998,221402.0,102.0,146.0
2023-06-23,60.18,34.575,16.8275,13.524000000000001,222005.0,216.0,460.0
2023-06-30,62.66,36.306,16.56,13.709999999999999,219456.0,122.0,313.0
2023-07-07,63.59,34.3675,17.2875,14.344,219452.0,134.0,444.0
2023-07-14,65.019997,32.702,18.240000000000002,14.080000000000002,218386.0,259.0,426.0
2023-07-21,69.440002,30.571999999999996,18.57,13.626,217600.0,273.0,242.0
2023-07-28,72.800003,29.848000000000003,18.438,13.74,219081.0,235.0,427.0
2023-08-04,70.370003,28.433999999999997,20.516,15.334,216420.0,305.0,330.0
2023-08-11,74.589996,27.748,21.052,15.681999999999999,216158.0,304.0,285.0
2023-08-18,71.010002,28.424,20.316,16.65,217626.0,283.0,221.0
2023-08-25,72.629997,28.724,18.887999999999998,16.592,217412.0,232.0,462.0
2023-09-01,71.080002,27.392000000000003,17.04,14.014,214746.0,100.0,567.0
2023-09-08,72.980003,27.932499999999997,17.6125,14.104,220307.0,248.0,383.0
2023-09-15,74.620003,25.476,14.942000000000002,13.624,219476.0,233.0,383.0
2023-09-22,71.0,30.113999999999997,17.592,15.597999999999999,220503.0,280.0,383.0
2023-09-29,67.660004,31.72,19.578,17.784,226984.0,306.0,291.0
2023-10-06,61.669998,34.574,20.184,18.381999999999998,225671.0,247.0,67.0
2023-10-13,63.830002,40.218,19.086000000000002,17.366,223301.0,127.0,208.0
2023-10-20,66.720001,43.192,19.54,19.484,223457.0,182.0,436.0
2023-10-27,65.269997,43.660000000000004,20.601999999999997,20.296,223522.0,351.0,294.0
